tid,time_ms,event,value,explain
1872261120,357512591,sensor_task_4,8,end_after_ms
1872834560,357512597,sensor_task_2,12,end_after_ms
1872261120,357512611,middle_task_6,20,end_after_ms
1872834560,357512620,middle_task_3,23,end_after_ms
1872834560,357512628,sensor_task_4,8,end_after_ms
1872261120,357512630,middle_task_11,19,end_after_ms
1872261120,357512633,sensor_task_3,3,end_after_ms
1872834560,357512648,middle_task_6,20,end_after_ms
1872834560,357512667,middle_task_11,19,end_after_ms
1872261120,357512671,middle_task_4,38,end_after_ms
1872261120,357512679,sensor_task_4,8,end_after_ms
1872261120,357512699,middle_task_6,20,end_after_ms
1872834560,357512716,middle_task_5,49,end_after_ms
1872261120,357512718,middle_task_11,19,end_after_ms
1872834560,357512751,middle_task_9,35,end_after_ms
1872261120,357512759,middle_task_10,41,end_after_ms
1872834560,357512760,middle_task_12,9,end_after_ms
1872261120,357512762,sensor_task_3,3,end_after_ms
1872834560,357512768,sensor_task_4,8,end_after_ms
1872261120,357512800,middle_task_4,38,end_after_ms
1872834560,357512817,middle_task_5,49,end_after_ms
1872261120,357512820,middle_task_6,20,end_after_ms
1872834560,357512852,middle_task_9,35,end_after_ms
1872261120,357512861,middle_task_10,41,end_after_ms
1872261120,357512871,middle_task_12,9,end_after_ms
1872834560,357512871,middle_task_11,19,end_after_ms
1872261120,357512879,sensor_task_4,8,end_after_ms
1872834560,357512879,sensor_task_4,8,end_after_ms
1872834560,357512882,sensor_task_3,3,end_after_ms
1872261120,357512899,middle_task_6,20,end_after_ms
1872261120,357512918,middle_task_11,19,end_after_ms
1872834560,357512920,middle_task_4,38,end_after_ms
1872834560,357512927,sensor_task_1,7,end_after_ms
1872834560,357512960,middle_task_1,33,end_after_ms
1872261120,357512967,middle_task_5,49,end_after_ms
1872261120,357513002,middle_task_9,35,end_after_ms
1872834560,357513005,middle_task_2,45,end_after_ms
1872834560,357513014,middle_task_12,9,end_after_ms
1872834560,357513031,middle_task_7,17,end_after_ms
1872261120,357513043,middle_task_10,41,end_after_ms
1872834560,357513044,exit_task_1,12,end_after_ms
1872834560,357513052,sensor_task_4,8,end_after_ms
1872261120,357513052,middle_task_8,9,end_after_ms
1872261120,357513060,sensor_task_4,8,end_after_ms
1872261120,357513081,middle_task_6,20,end_after_ms
1872834560,357513081,middle_task_6,28,end_after_ms
1872834560,357513084,sensor_task_3,3,end_after_ms
1872261120,357513100,middle_task_11,19,end_after_ms
1872834560,357513122,middle_task_4,38,end_after_ms
1872834560,357513130,sensor_task_4,8,end_after_ms
1872261120,357513149,middle_task_5,49,end_after_ms
1872834560,357513150,middle_task_6,20,end_after_ms
1872261120,357513184,middle_task_9,35,end_after_ms
1872834560,357513191,middle_task_10,41,end_after_ms
1872834560,357513200,middle_task_12,9,end_after_ms
1872261120,357513203,middle_task_11,19,end_after_ms
1872261120,357513206,sensor_task_3,3,end_after_ms
1872834560,357513208,sensor_task_4,8,end_after_ms
1872261120,357513244,middle_task_4,38,end_after_ms
1872834560,357513257,middle_task_5,49,end_after_ms
1872261120,357513264,middle_task_6,20,end_after_ms
1872834560,357513292,middle_task_9,35,end_after_ms
1872261120,357513305,middle_task_10,41,end_after_ms
1872834560,357513311,middle_task_11,19,end_after_ms
1872261120,357513314,middle_task_12,9,end_after_ms
1872261120,357513317,sensor_task_3,3,end_after_ms
1872834560,357513319,sensor_task_4,8,end_after_ms
1872261120,357513355,middle_task_4,38,end_after_ms
1872834560,357513368,middle_task_5,49,end_after_ms
1872261120,357513375,middle_task_6,20,end_after_ms
1872834560,357513403,middle_task_9,35,end_after_ms
1872261120,357513416,middle_task_10,41,end_after_ms
1872834560,357513422,middle_task_11,19,end_after_ms
1872261120,357513425,middle_task_12,9,end_after_ms
1872261120,357513433,sensor_task_4,8,end_after_ms
1872834560,357513433,sensor_task_4,10,end_after_ms
1872834560,357513441,sensor_task_4,8,end_after_ms
1872834560,357513461,middle_task_6,20,end_after_ms
1872261120,357513461,middle_task_6,28,end_after_ms
1872834560,357513473,sensor_task_2,12,end_after_ms
1872261120,357513480,middle_task_11,19,end_after_ms
1872261120,357513487,sensor_task_1,7,end_after_ms
1872834560,357513497,middle_task_3,23,end_after_ms
1872261120,357513521,middle_task_1,33,end_after_ms
1872261120,357513529,sensor_task_4,8,end_after_ms
1872834560,357513542,middle_task_2,45,end_after_ms
1872261120,357513549,middle_task_6,20,end_after_ms
1872261120,357513558,middle_task_8,9,end_after_ms
1872834560,357513559,middle_task_7,17,end_after_ms
1872261120,357513570,exit_task_1,12,end_after_ms
1872834560,357513578,middle_task_11,19,end_after_ms
1872834560,357513586,sensor_task_4,8,end_after_ms
1872261120,357513586,sensor_task_4,15,end_after_ms
1872834560,357513594,sensor_task_4,8,end_after_ms
1872834560,357513614,middle_task_6,20,end_after_ms
1872261120,357513614,middle_task_6,28,end_after_ms
1872834560,357513617,sensor_task_3,3,end_after_ms
1872261120,357513633,middle_task_11,19,end_after_ms
1872834560,357513655,middle_task_4,38,end_after_ms
1872834560,357513663,sensor_task_4,8,end_after_ms
1872261120,357513682,middle_task_5,49,end_after_ms
1872834560,357513683,middle_task_6,20,end_after_ms
1872261120,357513717,middle_task_9,35,end_after_ms
1872834560,357513724,middle_task_10,41,end_after_ms
1872834560,357513733,middle_task_12,9,end_after_ms
1872261120,357513736,middle_task_11,19,end_after_ms
1872834560,357513744,sensor_task_4,11,end_after_ms
1872261120,357513744,sensor_task_4,8,end_after_ms
1872834560,357513747,sensor_task_3,3,end_after_ms
1872261120,357513764,middle_task_6,20,end_after_ms
1872261120,357513784,middle_task_11,19,end_after_ms
1872834560,357513786,middle_task_4,38,end_after_ms
1872834560,357513793,sensor_task_1,7,end_after_ms
1872834560,357513826,middle_task_1,33,end_after_ms
1872261120,357513833,middle_task_5,49,end_after_ms
1872261120,357513868,middle_task_9,35,end_after_ms
1872834560,357513871,middle_task_2,45,end_after_ms
1872834560,357513880,middle_task_12,9,end_after_ms
1872834560,357513897,middle_task_7,17,end_after_ms
1872261120,357513909,middle_task_10,41,end_after_ms
1872834560,357513909,exit_task_1,12,end_after_ms
1872834560,357513917,sensor_task_4,8,end_after_ms
1872261120,357513918,middle_task_8,9,end_after_ms
1872261120,357513926,sensor_task_4,8,end_after_ms
1872261120,357513946,middle_task_6,20,end_after_ms
1872834560,357513946,middle_task_6,28,end_after_ms
1872834560,357513958,sensor_task_2,12,end_after_ms
1872261120,357513965,middle_task_11,19,end_after_ms
1872261120,357513972,sensor_task_1,7,end_after_ms
1872834560,357513981,middle_task_3,23,end_after_ms
1872261120,357514005,middle_task_1,33,end_after_ms
1872261120,357514013,sensor_task_4,8,end_after_ms
1872834560,357514026,middle_task_2,45,end_after_ms
1872261120,357514033,middle_task_6,20,end_after_ms
1872261120,357514042,middle_task_8,9,end_after_ms
1872834560,357514043,middle_task_7,17,end_after_ms
1872261120,357514054,exit_task_1,12,end_after_ms
1872834560,357514062,middle_task_11,19,end_after_ms
1872261120,357514062,sensor_task_4,8,end_after_ms
1872834560,357514069,sensor_task_1,7,end_after_ms
1872261120,357514082,middle_task_6,20,end_after_ms
1872261120,357514101,middle_task_11,19,end_after_ms
1872834560,357514102,middle_task_1,33,end_after_ms
1872834560,357514110,sensor_task_4,8,end_after_ms
1872834560,357514130,middle_task_6,20,end_after_ms
1872261120,357514146,middle_task_2,45,end_after_ms
1872834560,357514149,middle_task_11,19,end_after_ms
1872834560,357514158,middle_task_8,9,end_after_ms
1872261120,357514163,middle_task_7,17,end_after_ms
1872834560,357514166,sensor_task_4,8,end_after_ms
1872261120,357514166,sensor_task_3,3,end_after_ms
1872834560,357514186,middle_task_6,20,end_after_ms
1872261120,357514204,middle_task_4,38,end_after_ms
1872834560,357514205,middle_task_11,19,end_after_ms
1872834560,357514213,sensor_task_4,8,end_after_ms
1872834560,357514233,middle_task_6,20,end_after_ms
1872834560,357514253,middle_task_11,19,end_after_ms
1872261120,357514254,middle_task_5,49,end_after_ms
1872834560,357514256,sensor_task_3,3,end_after_ms
1872261120,357514289,middle_task_9,35,end_after_ms
1872834560,357514297,middle_task_10,41,end_after_ms
1872261120,357514298,middle_task_12,9,end_after_ms
1872834560,357514309,exit_task_1,12,end_after_ms
1872261120,357514336,middle_task_4,38,end_after_ms
1872261120,357514344,sensor_task_4,8,end_after_ms
1872834560,357514358,middle_task_5,49,end_after_ms
1872261120,357514364,middle_task_6,20,end_after_ms
1872834560,357514393,middle_task_9,35,end_after_ms
1872261120,357514405,middle_task_10,41,end_after_ms
1872834560,357514412,middle_task_11,19,end_after_ms
1872261120,357514414,middle_task_12,9,end_after_ms
1872261120,357514421,sensor_task_1,7,end_after_ms
1872834560,357514424,sensor_task_2,12,end_after_ms
1872261120,357514454,middle_task_1,33,end_after_ms
1872834560,357514469,middle_task_2,45,end_after_ms
1872261120,357514477,middle_task_3,23,end_after_ms
1872261120,357514486,middle_task_8,9,end_after_ms
1872834560,357514486,middle_task_7,17,end_after_ms
1872834560,357514494,sensor_task_4,8,end_after_ms
1872261120,357514498,exit_task_1,12,end_after_ms
1872261120,357514501,sensor_task_3,3,end_after_ms
1872834560,357514514,middle_task_6,20,end_after_ms
1872834560,357514533,middle_task_11,19,end_after_ms
1872261120,357514539,middle_task_4,38,end_after_ms
1872261120,357514547,sensor_task_4,8,end_after_ms
1872261120,357514567,middle_task_6,20,end_after_ms
1872834560,357514582,middle_task_5,49,end_after_ms
1872261120,357514586,middle_task_11,19,end_after_ms
1872834560,357514617,middle_task_9,35,end_after_ms
1872834560,357514626,middle_task_12,9,end_after_ms
1872261120,357514627,middle_task_10,41,end_after_ms
1872261120,357514635,sensor_task_4,8,end_after_ms
1872834560,357514635,sensor_task_4,8,end_after_ms
1872834560,357514643,sensor_task_4,8,end_after_ms
1872261120,357514663,middle_task_6,28,end_after_ms
1872834560,357514663,middle_task_6,20,end_after_ms
1872834560,357514666,sensor_task_3,3,end_after_ms
1872261120,357514682,middle_task_11,19,end_after_ms
1872834560,357514704,middle_task_4,38,end_after_ms
1872834560,357514712,sensor_task_4,8,end_after_ms
1872261120,357514731,middle_task_5,49,end_after_ms
1872834560,357514733,middle_task_6,20,end_after_ms
1872261120,357514767,middle_task_9,35,end_after_ms
1872834560,357514774,middle_task_10,41,end_after_ms
1872834560,357514783,middle_task_12,9,end_after_ms
1872261120,357514786,middle_task_11,19,end_after_ms
1872834560,357514794,sensor_task_4,10,end_after_ms
1872261120,357514794,sensor_task_4,8,end_after_ms
1872834560,357514797,sensor_task_3,3,end_after_ms
1872261120,357514814,middle_task_6,20,end_after_ms
1872261120,357514833,middle_task_11,19,end_after_ms
1872834560,357514835,middle_task_4,38,end_after_ms
1872834560,357514842,sensor_task_1,7,end_after_ms
1872834560,357514875,middle_task_1,33,end_after_ms
1872261120,357514882,middle_task_5,49,end_after_ms
1872261120,357514917,middle_task_9,35,end_after_ms
1872834560,357514920,middle_task_2,45,end_after_ms
1872834560,357514929,middle_task_12,9,end_after_ms
1872834560,357514946,middle_task_7,17,end_after_ms
1872261120,357514958,middle_task_10,41,end_after_ms
1872834560,357514958,exit_task_1,12,end_after_ms
1872834560,357514966,sensor_task_4,8,end_after_ms
1872261120,357514967,middle_task_8,9,end_after_ms
1872261120,357514970,sensor_task_3,3,end_after_ms
1872834560,357514986,middle_task_6,20,end_after_ms
1872834560,357515005,middle_task_11,19,end_after_ms
1872261120,357515008,middle_task_4,38,end_after_ms
1872261120,357515015,sensor_task_1,7,end_after_ms
1872261120,357515048,middle_task_1,33,end_after_ms
1872834560,357515054,middle_task_5,49,end_after_ms
1872834560,357515089,middle_task_9,35,end_after_ms
1872261120,357515093,middle_task_2,45,end_after_ms
1872261120,357515102,middle_task_12,9,end_after_ms
1872261120,357515119,middle_task_7,17,end_after_ms
1872834560,357515130,middle_task_10,41,end_after_ms
1872261120,357515131,exit_task_1,12,end_after_ms
1872261120,357515139,sensor_task_4,8,end_after_ms
1872834560,357515139,middle_task_8,9,end_after_ms
1872834560,357515142,sensor_task_3,3,end_after_ms
1872261120,357515159,middle_task_6,20,end_after_ms
1872261120,357515178,middle_task_11,19,end_after_ms
1872834560,357515180,middle_task_4,38,end_after_ms
1872834560,357515187,sensor_task_1,7,end_after_ms
1872834560,357515220,middle_task_1,33,end_after_ms
1872261120,357515227,middle_task_5,49,end_after_ms
1872261120,357515262,middle_task_9,35,end_after_ms
1872834560,357515266,middle_task_2,45,end_after_ms
1872834560,357515275,middle_task_12,9,end_after_ms
1872834560,357515292,middle_task_7,17,end_after_ms
1872261120,357515303,middle_task_10,41,end_after_ms
1872834560,357515304,exit_task_1,12,end_after_ms
1872834560,357515312,sensor_task_4,8,end_after_ms
1872261120,357515313,middle_task_8,9,end_after_ms
1872261120,357515321,sensor_task_4,8,end_after_ms
1872834560,357515341,middle_task_6,28,end_after_ms
1872261120,357515341,middle_task_6,20,end_after_ms
1872834560,357515349,sensor_task_4,8,end_after_ms
1872261120,357515360,middle_task_11,19,end_after_ms
1872261120,357515363,sensor_task_3,3,end_after_ms
1872834560,357515369,middle_task_6,20,end_after_ms
1872834560,357515388,middle_task_11,19,end_after_ms
1872261120,357515401,middle_task_4,38,end_after_ms
1872261120,357515408,sensor_task_1,7,end_after_ms
1872834560,357515437,middle_task_5,49,end_after_ms
1872261120,357515441,middle_task_1,33,end_after_ms
1872834560,357515472,middle_task_9,35,end_after_ms
1872834560,357515481,middle_task_12,9,end_after_ms
1872261120,357515482,middle_task_10,41,end_after_ms
1872261120,357515490,sensor_task_4,8,end_after_ms
1872261120,357515510,middle_task_6,20,end_after_ms
1872834560,357515526,middle_task_2,45,end_after_ms
1872261120,357515529,middle_task_11,19,end_after_ms
1872261120,357515538,middle_task_8,9,end_after_ms
1872834560,357515543,middle_task_7,17,end_after_ms
1872834560,357515546,sensor_task_3,3,end_after_ms
1872261120,357515550,exit_task_1,12,end_after_ms
1872834560,357515584,middle_task_4,38,end_after_ms
1872834560,357515592,sensor_task_4,8,end_after_ms
1872261120,357515599,middle_task_5,49,end_after_ms
1872834560,357515612,middle_task_6,20,end_after_ms
1872261120,357515634,middle_task_9,35,end_after_ms
1872261120,357515653,middle_task_11,19,end_after_ms
1872834560,357515653,middle_task_10,41,end_after_ms
1872261120,357515662,middle_task_12,9,end_after_ms
1872834560,357515665,sensor_task_2,12,end_after_ms
1872261120,357515669,sensor_task_1,7,end_after_ms
1872834560,357515688,middle_task_3,23,end_after_ms
1872261120,357515702,middle_task_1,33,end_after_ms
1872261120,357515710,sensor_task_4,8,end_after_ms
1872261120,357515730,middle_task_6,20,end_after_ms
1872834560,357515733,middle_task_2,45,end_after_ms
1872261120,357515749,middle_task_11,19,end_after_ms
1872834560,357515750,middle_task_7,17,end_after_ms
1872261120,357515758,middle_task_8,9,end_after_ms
1872834560,357515762,exit_task_1,12,end_after_ms
1872834560,357515765,sensor_task_3,3,end_after_ms
1872261120,357515766,sensor_task_4,8,end_after_ms
1872834560,357515803,middle_task_4,38,end_after_ms
1872261120,357515815,middle_task_5,49,end_after_ms
1872834560,357515823,middle_task_6,20,end_after_ms
1872261120,357515851,middle_task_9,35,end_after_ms
1872834560,357515865,middle_task_10,41,end_after_ms
1872261120,357515870,middle_task_11,19,end_after_ms
1872834560,357515874,middle_task_12,9,end_after_ms
1872261120,357515882,sensor_task_4,11,end_after_ms
1872834560,357515882,sensor_task_4,8,end_after_ms
1872834560,357515890,sensor_task_4,8,end_after_ms
1872834560,357515910,middle_task_6,20,end_after_ms
1872261120,357515910,middle_task_6,28,end_after_ms
1872834560,357515922,sensor_task_2,12,end_after_ms
1872261120,357515929,middle_task_11,19,end_after_ms
1872261120,357515941,sensor_task_2,12,end_after_ms
1872834560,357515964,middle_task_3,42,end_after_ms
1872261120,357515964,middle_task_3,23,end_after_ms
1872261120,357515972,sensor_task_4,8,end_after_ms
1872834560,357515972,sensor_task_4,8,end_after_ms
1872834560,357515980,sensor_task_4,8,end_after_ms
1872261120,357516000,middle_task_6,28,end_after_ms
1872834560,357516000,middle_task_6,20,end_after_ms
1872834560,357516008,sensor_task_4,8,end_after_ms
1872261120,357516019,middle_task_11,19,end_after_ms
1872261120,357516022,sensor_task_3,3,end_after_ms
1872834560,357516028,middle_task_6,20,end_after_ms
1872834560,357516047,middle_task_11,19,end_after_ms
1872261120,357516060,middle_task_4,38,end_after_ms
1872261120,357516063,sensor_task_3,3,end_after_ms
1872834560,357516096,middle_task_5,49,end_after_ms
1872261120,357516101,middle_task_4,38,end_after_ms
1872834560,357516131,middle_task_9,35,end_after_ms
1872834560,357516140,middle_task_12,9,end_after_ms
1872261120,357516142,middle_task_10,41,end_after_ms
1872261120,357516150,sensor_task_4,8,end_after_ms
1872261120,357516170,middle_task_6,20,end_after_ms
1872261120,357516189,middle_task_11,19,end_after_ms
1872834560,357516189,middle_task_5,49,end_after_ms
1872261120,357516224,middle_task_9,35,end_after_ms
1872834560,357516230,middle_task_10,41,end_after_ms
1872261120,357516233,middle_task_12,9,end_after_ms
1872261120,357516236,sensor_task_3,3,end_after_ms
1872834560,357516238,sensor_task_4,8,end_after_ms
1872261120,357516275,middle_task_4,38,end_after_ms
1872834560,357516287,middle_task_5,49,end_after_ms
1872261120,357516295,middle_task_6,20,end_after_ms
1872834560,357516323,middle_task_9,35,end_after_ms
1872261120,357516336,middle_task_10,41,end_after_ms
1872834560,357516342,middle_task_11,19,end_after_ms
1872261120,357516345,middle_task_12,9,end_after_ms
1872834560,357516353,sensor_task_4,11,end_after_ms
1872261120,357516353,sensor_task_4,8,end_after_ms
1872834560,357516361,sensor_task_4,8,end_after_ms
1872261120,357516381,middle_task_6,28,end_after_ms
1872834560,357516381,middle_task_6,20,end_after_ms
1872834560,357516384,sensor_task_3,3,end_after_ms
1872261120,357516400,middle_task_11,19,end_after_ms
1872834560,357516422,middle_task_4,38,end_after_ms
1872834560,357516425,sensor_task_3,3,end_after_ms
1872261120,357516449,middle_task_5,49,end_after_ms
1872834560,357516463,middle_task_4,38,end_after_ms
1872261120,357516484,middle_task_9,35,end_after_ms
1872261120,357516493,middle_task_12,9,end_after_ms
1872834560,357516504,middle_task_10,41,end_after_ms
1872834560,357516512,sensor_task_4,8,end_after_ms
1872834560,357516532,middle_task_6,20,end_after_ms
1872261120,357516542,middle_task_5,49,end_after_ms
1872834560,357516551,middle_task_11,19,end_after_ms
1872261120,357516577,middle_task_9,35,end_after_ms
1872261120,357516586,middle_task_12,9,end_after_ms
1872834560,357516592,middle_task_10,41,end_after_ms
1872261120,357516594,sensor_task_4,8,end_after_ms
1872834560,357516604,sensor_task_2,12,end_after_ms
1872261120,357516614,middle_task_6,20,end_after_ms
1872834560,357516627,middle_task_3,23,end_after_ms
1872261120,357516633,middle_task_11,19,end_after_ms
1872261120,357516641,sensor_task_4,8,end_after_ms
1872834560,357516641,sensor_task_4,13,end_after_ms
1872834560,357516649,sensor_task_4,8,end_after_ms
1872834560,357516669,middle_task_6,20,end_after_ms
1872261120,357516669,middle_task_6,28,end_after_ms
1872834560,357516677,sensor_task_1,7,end_after_ms
1872261120,357516689,middle_task_11,19,end_after_ms
1872834560,357516710,middle_task_1,33,end_after_ms
1872834560,357516722,sensor_task_2,12,end_after_ms
1872261120,357516734,middle_task_2,45,end_after_ms
1872834560,357516745,middle_task_3,23,end_after_ms
1872261120,357516751,middle_task_7,17,end_after_ms
1872834560,357516754,middle_task_8,9,end_after_ms
1872834560,357516762,sensor_task_4,8,end_after_ms
1872261120,357516763,exit_task_1,12,end_after_ms
1872261120,357516771,sensor_task_4,8,end_after_ms
1872834560,357516791,middle_task_6,28,end_after_ms
1872261120,357516791,middle_task_6,20,end_after_ms
1872834560,357516799,sensor_task_4,8,end_after_ms
1872261120,357516810,middle_task_11,19,end_after_ms
1872261120,357516818,sensor_task_4,8,end_after_ms
1872261120,357516838,middle_task_6,20,end_after_ms
1872834560,357516838,middle_task_6,39,end_after_ms
1872834560,357516846,sensor_task_4,8,end_after_ms
1872261120,357516857,middle_task_11,19,end_after_ms
1872261120,357516865,sensor_task_4,8,end_after_ms
1872261120,357516885,middle_task_6,20,end_after_ms
1872834560,357516885,middle_task_6,39,end_after_ms
1872834560,357516893,sensor_task_4,8,end_after_ms
1872261120,357516904,middle_task_11,19,end_after_ms
1872834560,357516913,middle_task_6,20,end_after_ms
1872261120,357516914,sensor_task_4,8,end_after_ms
1872834560,357516932,middle_task_11,19,end_after_ms
1872261120,357516934,middle_task_6,20,end_after_ms
1872834560,357516940,sensor_task_4,8,end_after_ms
1872261120,357516953,middle_task_11,19,end_after_ms
1872834560,357516960,middle_task_6,20,end_after_ms
1872261120,357516961,sensor_task_4,8,end_after_ms
1872834560,357516979,middle_task_11,19,end_after_ms
1872261120,357516982,middle_task_6,20,end_after_ms
1872834560,357516982,sensor_task_3,3,end_after_ms
1872261120,357517001,middle_task_11,19,end_after_ms
1872834560,357517020,middle_task_4,38,end_after_ms
1872834560,357517028,sensor_task_4,8,end_after_ms
1872834560,357517048,middle_task_6,20,end_after_ms
1872261120,357517050,middle_task_5,49,end_after_ms
1872834560,357517067,middle_task_11,19,end_after_ms
1872261120,357517085,middle_task_9,35,end_after_ms
1872261120,357517094,middle_task_12,9,end_after_ms
1872261120,357517102,sensor_task_4,8,end_after_ms
1872834560,357517109,middle_task_10,41,end_after_ms
1872834560,357517117,sensor_task_4,8,end_after_ms
1872261120,357517137,middle_task_6,34,end_after_ms
1872834560,357517137,middle_task_6,20,end_after_ms
1872834560,357517140,sensor_task_3,3,end_after_ms
1872261120,357517156,middle_task_11,19,end_after_ms
1872834560,357517178,middle_task_4,38,end_after_ms
1872834560,357517186,sensor_task_4,8,end_after_ms
1872261120,357517205,middle_task_5,49,end_after_ms
1872834560,357517206,middle_task_6,20,end_after_ms
1872261120,357517240,middle_task_9,35,end_after_ms
1872834560,357517247,middle_task_10,41,end_after_ms
1872834560,357517256,middle_task_12,9,end_after_ms
1872261120,357517259,middle_task_11,19,end_after_ms
1872261120,357517267,sensor_task_4,8,end_after_ms
1872834560,357517267,sensor_task_4,10,end_after_ms
1872834560,357517270,sensor_task_3,3,end_after_ms
1872261120,357517287,middle_task_6,20,end_after_ms
1872261120,357517306,middle_task_11,19,end_after_ms
1872834560,357517308,middle_task_4,38,end_after_ms
1872834560,357517315,sensor_task_1,7,end_after_ms
1872834560,357517348,middle_task_1,33,end_after_ms
1872261120,357517355,middle_task_5,49,end_after_ms
1872261120,357517390,middle_task_9,35,end_after_ms
1872834560,357517393,middle_task_2,45,end_after_ms
1872834560,357517402,middle_task_12,9,end_after_ms
1872834560,357517419,middle_task_7,17,end_after_ms
1872261120,357517431,middle_task_10,41,end_after_ms
1872834560,357517431,exit_task_1,12,end_after_ms
1872834560,357517439,sensor_task_4,8,end_after_ms
1872261120,357517440,middle_task_8,9,end_after_ms
1872261120,357517443,sensor_task_3,3,end_after_ms
1872834560,357517459,middle_task_6,20,end_after_ms
1872834560,357517478,middle_task_11,19,end_after_ms
1872261120,357517481,middle_task_4,38,end_after_ms
1872261120,357517488,sensor_task_1,7,end_after_ms
1872261120,357517521,middle_task_1,33,end_after_ms
1872834560,357517527,middle_task_5,49,end_after_ms
1872834560,357517562,middle_task_9,35,end_after_ms
1872261120,357517566,middle_task_2,45,end_after_ms
1872261120,357517575,middle_task_12,9,end_after_ms
1872261120,357517592,middle_task_7,17,end_after_ms
1872834560,357517603,middle_task_10,41,end_after_ms
1872261120,357517605,exit_task_1,12,end_after_ms
1872834560,357517612,middle_task_8,9,end_after_ms
1872834560,357517621,sensor_task_4,8,end_after_ms
1872261120,357517621,sensor_task_4,16,end_after_ms
1872834560,357517633,sensor_task_2,12,end_after_ms
1872261120,357517641,middle_task_6,20,end_after_ms
1872834560,357517656,middle_task_3,23,end_after_ms
1872834560,357517659,sensor_task_3,3,end_after_ms
1872261120,357517660,middle_task_11,19,end_after_ms
1872834560,357517697,middle_task_4,38,end_after_ms
1872834560,357517705,sensor_task_4,8,end_after_ms
1872261120,357517709,middle_task_5,49,end_after_ms
1872834560,357517725,middle_task_6,20,end_after_ms
1872261120,357517744,middle_task_9,35,end_after_ms
1872261120,357517763,middle_task_11,19,end_after_ms
1872834560,357517766,middle_task_10,41,end_after_ms
1872261120,357517772,middle_task_12,9,end_after_ms
1872834560,357517774,sensor_task_4,8,end_after_ms
1872261120,357517775,sensor_task_3,3,end_after_ms
1872834560,357517794,middle_task_6,20,end_after_ms
1872261120,357517813,middle_task_4,38,end_after_ms
1872834560,357517813,middle_task_11,19,end_after_ms
1872834560,357517821,sensor_task_4,8,end_after_ms
1872834560,357517841,middle_task_6,20,end_after_ms
1872834560,357517860,middle_task_11,19,end_after_ms
1872261120,357517862,middle_task_5,49,end_after_ms
1872834560,357517872,sensor_task_2,12,end_after_ms
1872261120,357517897,middle_task_9,35,end_after_ms
1872261120,357517906,middle_task_12,9,end_after_ms
1872834560,357517913,middle_task_10,41,end_after_ms
1872834560,357517921,sensor_task_4,8,end_after_ms
1872261120,357517929,middle_task_3,23,end_after_ms
1872261120,357517937,sensor_task_4,8,end_after_ms
1872834560,357517957,middle_task_6,35,end_after_ms
1872261120,357517957,middle_task_6,20,end_after_ms
1872834560,357517964,sensor_task_1,7,end_after_ms
1872261120,357517976,middle_task_11,19,end_after_ms
1872834560,357517997,middle_task_1,33,end_after_ms
1872834560,357518009,sensor_task_2,12,end_after_ms
1872261120,357518021,middle_task_2,45,end_after_ms
1872834560,357518032,middle_task_3,23,end_after_ms
1872261120,357518038,middle_task_7,17,end_after_ms
1872834560,357518042,middle_task_8,9,end_after_ms
1872834560,357518050,sensor_task_4,8,end_after_ms
1872261120,357518050,exit_task_1,12,end_after_ms
1872261120,357518059,sensor_task_4,8,end_after_ms
1872834560,357518079,middle_task_6,28,end_after_ms
1872261120,357518079,middle_task_6,20,end_after_ms
1872834560,357518087,sensor_task_4,8,end_after_ms
1872261120,357518098,middle_task_11,19,end_after_ms
1872261120,357518101,sensor_task_3,3,end_after_ms
1872834560,357518107,middle_task_6,20,end_after_ms
1872834560,357518126,middle_task_11,19,end_after_ms
1872261120,357518139,middle_task_4,38,end_after_ms
1872261120,357518142,sensor_task_3,3,end_after_ms
1872834560,357518175,middle_task_5,49,end_after_ms
1872261120,357518180,middle_task_4,38,end_after_ms
1872834560,357518210,middle_task_9,35,end_after_ms
1872834560,357518219,middle_task_12,9,end_after_ms
1872261120,357518221,middle_task_10,41,end_after_ms
1872261120,357518229,sensor_task_4,8,end_after_ms
1872261120,357518249,middle_task_6,20,end_after_ms
1872834560,357518268,middle_task_5,49,end_after_ms
1872261120,357518268,middle_task_11,19,end_after_ms
1872261120,357518303,middle_task_9,35,end_after_ms
1872834560,357518309,middle_task_10,41,end_after_ms
1872261120,357518312,middle_task_12,9,end_after_ms
1872261120,357518315,sensor_task_3,3,end_after_ms
1872834560,357518317,sensor_task_4,8,end_after_ms
1872261120,357518353,middle_task_4,38,end_after_ms
1872834560,357518366,middle_task_5,49,end_after_ms
1872261120,357518373,middle_task_6,20,end_after_ms
1872834560,357518401,middle_task_9,35,end_after_ms
1872261120,357518414,middle_task_10,41,end_after_ms
1872834560,357518420,middle_task_11,19,end_after_ms
1872261120,357518423,middle_task_12,9,end_after_ms
1872261120,357518431,sensor_task_4,8,end_after_ms
1872834560,357518431,sensor_task_4,11,end_after_ms
1872834560,357518439,sensor_task_4,8,end_after_ms
1872261120,357518459,middle_task_6,28,end_after_ms
1872834560,357518459,middle_task_6,20,end_after_ms
1872834560,357518471,sensor_task_2,12,end_after_ms
1872261120,357518478,middle_task_11,19,end_after_ms
1872261120,357518481,sensor_task_3,3,end_after_ms
1872834560,357518494,middle_task_3,23,end_after_ms
1872261120,357518519,middle_task_4,38,end_after_ms
1872261120,357518528,sensor_task_4,8,end_after_ms
1872834560,357518544,middle_task_5,49,end_after_ms
1872261120,357518548,middle_task_6,20,end_after_ms
1872834560,357518579,middle_task_9,35,end_after_ms
1872261120,357518589,middle_task_10,41,end_after_ms
1872834560,357518598,middle_task_11,19,end_after_ms
1872261120,357518598,middle_task_12,9,end_after_ms
1872834560,357518601,sensor_task_3,3,end_after_ms
1872261120,357518606,sensor_task_4,8,end_after_ms
1872834560,357518639,middle_task_4,38,end_after_ms
1872261120,357518655,middle_task_5,49,end_after_ms
1872834560,357518659,middle_task_6,20,end_after_ms
1872261120,357518690,middle_task_9,35,end_after_ms
1872834560,357518700,middle_task_10,41,end_after_ms
1872261120,357518709,middle_task_11,19,end_after_ms
1872834560,357518709,middle_task_12,9,end_after_ms
1872261120,357518717,sensor_task_4,8,end_after_ms
1872834560,357518717,sensor_task_4,8,end_after_ms
1872834560,357518725,sensor_task_4,8,end_after_ms
1872261120,357518745,middle_task_6,28,end_after_ms
1872834560,357518745,middle_task_6,20,end_after_ms
1872834560,357518748,sensor_task_3,3,end_after_ms
1872261120,357518764,middle_task_11,19,end_after_ms
1872834560,357518786,middle_task_4,38,end_after_ms
1872834560,357518789,sensor_task_3,3,end_after_ms
1872261120,357518813,middle_task_5,49,end_after_ms
1872834560,357518827,middle_task_4,38,end_after_ms
1872261120,357518848,middle_task_9,35,end_after_ms
1872261120,357518857,middle_task_12,9,end_after_ms
1872834560,357518868,middle_task_10,41,end_after_ms
1872834560,357518876,sensor_task_4,8,end_after_ms
1872834560,357518896,middle_task_6,20,end_after_ms
1872261120,357518906,middle_task_5,49,end_after_ms
1872834560,357518915,middle_task_11,19,end_after_ms
1872261120,357518941,middle_task_9,35,end_after_ms
1872261120,357518950,middle_task_12,9,end_after_ms
1872834560,357518956,middle_task_10,41,end_after_ms
1872261120,357518958,sensor_task_4,8,end_after_ms
1872834560,357518968,sensor_task_2,12,end_after_ms
1872261120,357518978,middle_task_6,20,end_after_ms
1872834560,357518992,middle_task_3,23,end_after_ms
1872261120,357518998,middle_task_11,19,end_after_ms
1872834560,357519006,sensor_task_4,13,end_after_ms
1872261120,357519006,sensor_task_4,8,end_after_ms
1872834560,357519009,sensor_task_3,3,end_after_ms
1872261120,357519026,middle_task_6,20,end_after_ms
1872261120,357519045,middle_task_11,19,end_after_ms
1872834560,357519047,middle_task_4,38,end_after_ms
1872834560,357519055,sensor_task_4,8,end_after_ms
1872834560,357519075,middle_task_6,20,end_after_ms
1872261120,357519094,middle_task_5,49,end_after_ms
1872834560,357519094,middle_task_11,19,end_after_ms
1872261120,357519129,middle_task_9,35,end_after_ms
1872834560,357519135,middle_task_10,41,end_after_ms
1872261120,357519138,middle_task_12,9,end_after_ms
1872261120,357519141,sensor_task_3,3,end_after_ms
1872834560,357519143,sensor_task_4,8,end_after_ms
1872261120,357519179,middle_task_4,38,end_after_ms
1872834560,357519192,middle_task_5,49,end_after_ms
1872261120,357519199,middle_task_6,20,end_after_ms
1872834560,357519227,middle_task_9,35,end_after_ms
1872261120,357519240,middle_task_10,41,end_after_ms
1872834560,357519246,middle_task_11,19,end_after_ms
1872261120,357519249,middle_task_12,9,end_after_ms
1872834560,357519257,sensor_task_4,11,end_after_ms
1872261120,357519257,sensor_task_4,8,end_after_ms
1872834560,357519265,sensor_task_4,8,end_after_ms
1872834560,357519285,middle_task_6,20,end_after_ms
1872261120,357519285,middle_task_6,28,end_after_ms
1872834560,357519297,sensor_task_2,12,end_after_ms
1872261120,357519304,middle_task_11,19,end_after_ms
1872261120,357519316,sensor_task_2,12,end_after_ms
1872261120,357519339,middle_task_3,23,end_after_ms
1872834560,357519339,middle_task_3,42,end_after_ms
1872261120,357519342,sensor_task_3,3,end_after_ms
1872834560,357519347,sensor_task_4,8,end_after_ms
1872261120,357519380,middle_task_4,38,end_after_ms
1872834560,357519396,middle_task_5,49,end_after_ms
1872261120,357519400,middle_task_6,20,end_after_ms
1872834560,357519431,middle_task_9,35,end_after_ms
1872261120,357519441,middle_task_10,41,end_after_ms
1872834560,357519450,middle_task_11,19,end_after_ms
1872261120,357519451,middle_task_12,9,end_after_ms
1872834560,357519459,sensor_task_4,8,end_after_ms
1872261120,357519459,sensor_task_4,8,end_after_ms
1872834560,357519467,sensor_task_4,8,end_after_ms
1872261120,357519487,middle_task_6,28,end_after_ms
1872834560,357519487,middle_task_6,20,end_after_ms
1872834560,357519499,sensor_task_2,12,end_after_ms
1872261120,357519506,middle_task_11,19,end_after_ms
1872261120,357519513,sensor_task_1,7,end_after_ms
1872834560,357519522,middle_task_3,23,end_after_ms
1872261120,357519546,middle_task_1,33,end_after_ms
1872261120,357519554,sensor_task_4,8,end_after_ms
1872834560,357519567,middle_task_2,45,end_after_ms
1872261120,357519574,middle_task_6,20,end_after_ms
1872261120,357519583,middle_task_8,9,end_after_ms
1872834560,357519584,middle_task_7,17,end_after_ms
1872261120,357519595,exit_task_1,12,end_after_ms
1872834560,357519603,middle_task_11,19,end_after_ms
1872834560,357519611,sensor_task_4,8,end_after_ms
1872261120,357519611,sensor_task_4,15,end_after_ms
1872834560,357519614,sensor_task_3,3,end_after_ms
1872261120,357519631,middle_task_6,20,end_after_ms
1872261120,357519650,middle_task_11,19,end_after_ms
1872834560,357519652,middle_task_4,38,end_after_ms
1872834560,357519660,sensor_task_4,8,end_after_ms
1872834560,357519680,middle_task_6,20,end_after_ms
1872261120,357519699,middle_task_5,49,end_after_ms
1872834560,357519699,middle_task_11,19,end_after_ms
1872261120,357519734,middle_task_9,35,end_after_ms
1872834560,357519740,middle_task_10,41,end_after_ms
1872261120,357519743,middle_task_12,9,end_after_ms
1872261120,357519746,sensor_task_3,3,end_after_ms
1872834560,357519748,sensor_task_4,8,end_after_ms
1872261120,357519784,middle_task_4,38,end_after_ms
1872834560,357519797,middle_task_5,49,end_after_ms
1872261120,357519804,middle_task_6,20,end_after_ms
1872834560,357519832,middle_task_9,35,end_after_ms
1872261120,357519845,middle_task_10,41,end_after_ms
1872834560,357519851,middle_task_11,19,end_after_ms
1872261120,357519854,middle_task_12,9,end_after_ms
1872261120,357519862,sensor_task_4,8,end_after_ms
1872834560,357519862,sensor_task_4,11,end_after_ms
1872834560,357519871,sensor_task_4,8,end_after_ms
1872261120,357519891,middle_task_6,28,end_after_ms
1872834560,357519891,middle_task_6,20,end_after_ms
1872834560,357519894,sensor_task_3,3,end_after_ms
1872261120,357519910,middle_task_11,19,end_after_ms
1872834560,357519932,middle_task_4,38,end_after_ms
1872834560,357519940,sensor_task_4,8,end_after_ms
1872261120,357519959,middle_task_5,49,end_after_ms
1872834560,357519960,middle_task_6,20,end_after_ms
1872261120,357519994,middle_task_9,35,end_after_ms
1872834560,357520001,middle_task_10,41,end_after_ms
1872834560,357520010,middle_task_12,9,end_after_ms
1872261120,357520013,middle_task_11,19,end_after_ms
1872261120,357520021,sensor_task_4,8,end_after_ms
1872834560,357520021,sensor_task_4,10,end_after_ms
1872834560,357520029,sensor_task_4,8,end_after_ms
1872834560,357520049,middle_task_6,20,end_after_ms
1872261120,357520049,middle_task_6,28,end_after_ms
1872834560,357520061,sensor_task_2,12,end_after_ms
1872261120,357520068,middle_task_11,19,end_after_ms
1872261120,357520080,sensor_task_2,12,end_after_ms
1872834560,357520103,middle_task_3,42,end_after_ms
1872261120,357520103,middle_task_3,23,end_after_ms
1872261120,357520111,sensor_task_4,8,end_after_ms
1872834560,357520111,sensor_task_4,8,end_after_ms
1872834560,357520119,sensor_task_4,8,end_after_ms
1872261120,357520139,middle_task_6,28,end_after_ms
1872834560,357520139,middle_task_6,20,end_after_ms
1872834560,357520142,sensor_task_3,3,end_after_ms
1872261120,357520158,middle_task_11,19,end_after_ms
1872834560,357520180,middle_task_4,38,end_after_ms
1872834560,357520188,sensor_task_4,8,end_after_ms
1872261120,357520207,middle_task_5,49,end_after_ms
1872834560,357520208,middle_task_6,20,end_after_ms
1872261120,357520242,middle_task_9,35,end_after_ms
1872834560,357520249,middle_task_10,41,end_after_ms
1872834560,357520259,middle_task_12,9,end_after_ms
1872261120,357520261,middle_task_11,19,end_after_ms
1872261120,357520264,sensor_task_3,3,end_after_ms
1872834560,357520267,sensor_task_4,8,end_after_ms
1872261120,357520303,middle_task_4,38,end_after_ms
1872834560,357520316,middle_task_5,49,end_after_ms
1872261120,357520323,middle_task_6,20,end_after_ms
1872834560,357520351,middle_task_9,35,end_after_ms
1872261120,357520364,middle_task_10,41,end_after_ms
1872834560,357520370,middle_task_11,19,end_after_ms
1872261120,357520373,middle_task_12,9,end_after_ms
1872261120,357520381,sensor_task_4,8,end_after_ms
1872834560,357520381,sensor_task_4,10,end_after_ms
1872834560,357520389,sensor_task_4,8,end_after_ms
1872834560,357520409,middle_task_6,20,end_after_ms
1872261120,357520409,middle_task_6,28,end_after_ms
1872834560,357520412,sensor_task_3,3,end_after_ms
1872261120,357520428,middle_task_11,19,end_after_ms
1872834560,357520450,middle_task_4,38,end_after_ms
1872834560,357520453,sensor_task_3,3,end_after_ms
1872261120,357520477,middle_task_5,49,end_after_ms
1872834560,357520491,middle_task_4,38,end_after_ms
1872261120,357520512,middle_task_9,35,end_after_ms
1872261120,357520521,middle_task_12,9,end_after_ms
1872834560,357520532,middle_task_10,41,end_after_ms
1872834560,357520540,sensor_task_4,8,end_after_ms
1872834560,357520560,middle_task_6,20,end_after_ms
1872261120,357520570,middle_task_5,49,end_after_ms
1872834560,357520579,middle_task_11,19,end_after_ms
1872261120,357520605,middle_task_9,35,end_after_ms
1872261120,357520614,middle_task_12,9,end_after_ms
1872834560,357520620,middle_task_10,41,end_after_ms
1872261120,357520622,sensor_task_4,8,end_after_ms
1872834560,357520632,sensor_task_2,12,end_after_ms
1872261120,357520642,middle_task_6,20,end_after_ms
1872834560,357520656,middle_task_3,23,end_after_ms
1872261120,357520661,middle_task_11,19,end_after_ms
1872834560,357520669,sensor_task_4,13,end_after_ms
1872261120,357520669,sensor_task_4,8,end_after_ms
1872834560,357520677,sensor_task_4,8,end_after_ms
1872261120,357520698,middle_task_6,28,end_after_ms
1872834560,357520698,middle_task_6,20,end_after_ms
1872834560,357520701,sensor_task_3,3,end_after_ms
1872261120,357520717,middle_task_11,19,end_after_ms
1872834560,357520739,middle_task_4,38,end_after_ms
1872834560,357520747,sensor_task_4,8,end_after_ms
1872261120,357520766,middle_task_5,49,end_after_ms
1872834560,357520767,middle_task_6,20,end_after_ms
1872261120,357520801,middle_task_9,35,end_after_ms
1872834560,357520808,middle_task_10,41,end_after_ms
1872834560,357520817,middle_task_12,9,end_after_ms
1872261120,357520820,middle_task_11,19,end_after_ms
1872834560,357520828,sensor_task_4,10,end_after_ms
1872261120,357520828,sensor_task_4,8,end_after_ms
1872834560,357520836,sensor_task_4,8,end_after_ms
1872834560,357520856,middle_task_6,20,end_after_ms
1872261120,357520856,middle_task_6,28,end_after_ms
1872834560,357520868,sensor_task_2,12,end_after_ms
1872261120,357520875,middle_task_11,19,end_after_ms
1872261120,357520887,sensor_task_2,12,end_after_ms
1872261120,357520910,middle_task_3,23,end_after_ms
1872834560,357520910,middle_task_3,42,end_after_ms
1872261120,357520918,sensor_task_4,8,end_after_ms
1872834560,357520918,sensor_task_4,8,end_after_ms
1872261120,357520938,middle_task_6,20,end_after_ms
1872834560,357520938,middle_task_6,20,end_after_ms
1872834560,357520941,sensor_task_3,3,end_after_ms
1872261120,357520957,middle_task_11,19,end_after_ms
1872834560,357520979,middle_task_4,38,end_after_ms
1872834560,357520987,sensor_task_4,8,end_after_ms
1872261120,357521006,middle_task_5,49,end_after_ms
1872834560,357521007,middle_task_6,20,end_after_ms
1872261120,357521041,middle_task_9,35,end_after_ms
1872834560,357521048,middle_task_10,41,end_after_ms
1872834560,357521058,middle_task_12,9,end_after_ms
1872261120,357521061,middle_task_11,19,end_after_ms
1872261120,357521069,sensor_task_4,8,end_after_ms
1872834560,357521069,sensor_task_4,10,end_after_ms
1872834560,357521072,sensor_task_3,3,end_after_ms
1872261120,357521089,middle_task_6,20,end_after_ms
1872261120,357521108,middle_task_11,19,end_after_ms
1872834560,357521110,middle_task_4,38,end_after_ms
1872834560,357521117,sensor_task_1,7,end_after_ms
1872834560,357521150,middle_task_1,33,end_after_ms
1872261120,357521157,middle_task_5,49,end_after_ms
1872261120,357521192,middle_task_9,35,end_after_ms
1872834560,357521195,middle_task_2,45,end_after_ms
1872834560,357521204,middle_task_12,9,end_after_ms
1872834560,357521221,middle_task_7,17,end_after_ms
1872261120,357521233,middle_task_10,41,end_after_ms
1872834560,357521233,exit_task_1,12,end_after_ms
1872834560,357521241,sensor_task_4,8,end_after_ms
1872261120,357521242,middle_task_8,9,end_after_ms
1872261120,357521245,sensor_task_3,3,end_after_ms
1872834560,357521261,middle_task_6,20,end_after_ms
1872834560,357521280,middle_task_11,19,end_after_ms
1872261120,357521283,middle_task_4,38,end_after_ms
1872261120,357521290,sensor_task_1,7,end_after_ms
1872261120,357521323,middle_task_1,33,end_after_ms
1872834560,357521329,middle_task_5,49,end_after_ms
1872834560,357521364,middle_task_9,35,end_after_ms
1872261120,357521368,middle_task_2,45,end_after_ms
1872261120,357521377,middle_task_12,9,end_after_ms
1872261120,357521394,middle_task_7,17,end_after_ms
1872834560,357521405,middle_task_10,41,end_after_ms
1872261120,357521406,exit_task_1,12,end_after_ms
1872834560,357521414,middle_task_8,9,end_after_ms
1872261120,357521414,sensor_task_4,8,end_after_ms
1872834560,357521417,sensor_task_3,3,end_after_ms
1872261120,357521434,middle_task_6,20,end_after_ms
1872261120,357521454,middle_task_11,19,end_after_ms
1872834560,357521456,middle_task_4,38,end_after_ms
1872834560,357521463,sensor_task_1,7,end_after_ms
1872834560,357521496,middle_task_1,33,end_after_ms
1872261120,357521503,middle_task_5,49,end_after_ms
1872261120,357521538,middle_task_9,35,end_after_ms
1872834560,357521541,middle_task_2,45,end_after_ms
1872834560,357521550,middle_task_12,9,end_after_ms
1872834560,357521567,middle_task_7,17,end_after_ms
1872261120,357521579,middle_task_10,41,end_after_ms
1872834560,357521579,exit_task_1,12,end_after_ms
1872834560,357521587,sensor_task_4,8,end_after_ms
1872261120,357521588,middle_task_8,9,end_after_ms
1872261120,357521591,sensor_task_3,3,end_after_ms
1872834560,357521607,middle_task_6,20,end_after_ms
1872834560,357521626,middle_task_11,19,end_after_ms
1872261120,357521629,middle_task_4,38,end_after_ms
1872261120,357521636,sensor_task_1,7,end_after_ms
1872261120,357521669,middle_task_1,33,end_after_ms
1872834560,357521675,middle_task_5,49,end_after_ms
1872834560,357521710,middle_task_9,35,end_after_ms
1872261120,357521714,middle_task_2,45,end_after_ms
1872261120,357521723,middle_task_12,9,end_after_ms
1872261120,357521740,middle_task_7,17,end_after_ms
1872834560,357521751,middle_task_10,41,end_after_ms
1872261120,357521752,exit_task_1,12,end_after_ms
1872261120,357521760,sensor_task_4,8,end_after_ms
1872834560,357521760,middle_task_8,9,end_after_ms
1872834560,357521763,sensor_task_3,3,end_after_ms
1872261120,357521780,middle_task_6,20,end_after_ms
1872261120,357521799,middle_task_11,19,end_after_ms
1872834560,357521801,middle_task_4,38,end_after_ms
1872834560,357521808,sensor_task_1,7,end_after_ms
1872834560,357521842,middle_task_1,33,end_after_ms
1872261120,357521848,middle_task_5,49,end_after_ms
1872261120,357521883,middle_task_9,35,end_after_ms
1872834560,357521887,middle_task_2,45,end_after_ms
1872834560,357521896,middle_task_12,9,end_after_ms
1872834560,357521913,middle_task_7,17,end_after_ms
1872261120,357521924,middle_task_10,41,end_after_ms
1872834560,357521925,exit_task_1,12,end_after_ms
1872834560,357521933,sensor_task_4,8,end_after_ms
1872261120,357521934,middle_task_8,9,end_after_ms
1872261120,357521937,sensor_task_3,3,end_after_ms
1872834560,357521953,middle_task_6,20,end_after_ms
1872834560,357521972,middle_task_11,19,end_after_ms
1872261120,357521975,middle_task_4,38,end_after_ms
1872261120,357521982,sensor_task_1,7,end_after_ms
1872261120,357522015,middle_task_1,33,end_after_ms
1872834560,357522021,middle_task_5,49,end_after_ms
1872834560,357522056,middle_task_9,35,end_after_ms
1872261120,357522060,middle_task_2,45,end_after_ms
1872261120,357522069,middle_task_12,9,end_after_ms
1872261120,357522086,middle_task_7,17,end_after_ms
1872834560,357522097,middle_task_10,41,end_after_ms
1872261120,357522098,exit_task_1,12,end_after_ms
1872261120,357522106,sensor_task_4,8,end_after_ms
1872834560,357522106,middle_task_8,9,end_after_ms
1872834560,357522109,sensor_task_3,3,end_after_ms
1872261120,357522126,middle_task_6,20,end_after_ms
1872261120,357522145,middle_task_11,19,end_after_ms
1872834560,357522147,middle_task_4,38,end_after_ms
1872834560,357522154,sensor_task_1,7,end_after_ms
1872834560,357522187,middle_task_1,33,end_after_ms
1872261120,357522194,middle_task_5,49,end_after_ms
1872261120,357522229,middle_task_9,35,end_after_ms
1872834560,357522232,middle_task_2,45,end_after_ms
1872834560,357522241,middle_task_12,9,end_after_ms
1872834560,357522258,middle_task_7,17,end_after_ms
1872261120,357522270,middle_task_10,41,end_after_ms
1872834560,357522270,exit_task_1,12,end_after_ms
1872834560,357522279,sensor_task_4,8,end_after_ms
1872261120,357522279,middle_task_8,9,end_after_ms
1872261120,357522282,sensor_task_3,3,end_after_ms
1872834560,357522299,middle_task_6,20,end_after_ms
1872834560,357522318,middle_task_11,19,end_after_ms
1872261120,357522320,middle_task_4,38,end_after_ms
1872261120,357522327,sensor_task_1,7,end_after_ms
1872261120,357522361,middle_task_1,33,end_after_ms
1872834560,357522367,middle_task_5,49,end_after_ms
1872834560,357522402,middle_task_9,35,end_after_ms
1872261120,357522406,middle_task_2,45,end_after_ms
1872261120,357522415,middle_task_12,9,end_after_ms
1872261120,357522432,middle_task_7,17,end_after_ms
1872834560,357522443,middle_task_10,41,end_after_ms
1872261120,357522444,exit_task_1,12,end_after_ms
1872261120,357522452,sensor_task_4,8,end_after_ms
1872834560,357522452,middle_task_8,9,end_after_ms
1872834560,357522455,sensor_task_3,3,end_after_ms
1872261120,357522472,middle_task_6,20,end_after_ms
1872261120,357522491,middle_task_11,19,end_after_ms
1872834560,357522493,middle_task_4,38,end_after_ms
1872834560,357522500,sensor_task_1,7,end_after_ms
1872834560,357522533,middle_task_1,33,end_after_ms
1872261120,357522540,middle_task_5,49,end_after_ms
1872261120,357522575,middle_task_9,35,end_after_ms
1872834560,357522578,middle_task_2,45,end_after_ms
1872834560,357522587,middle_task_12,9,end_after_ms
1872834560,357522604,middle_task_7,17,end_after_ms
1872261120,357522616,middle_task_10,41,end_after_ms
1872834560,357522616,exit_task_1,12,end_after_ms
1872834560,357522624,sensor_task_4,8,end_after_ms
1872261120,357522625,middle_task_8,9,end_after_ms
1872261120,357522628,sensor_task_3,3,end_after_ms
1872834560,357522644,middle_task_6,20,end_after_ms
1872834560,357522663,middle_task_11,19,end_after_ms
1872261120,357522666,middle_task_4,38,end_after_ms
1872261120,357522673,sensor_task_1,7,end_after_ms
1872261120,357522706,middle_task_1,33,end_after_ms
1872834560,357522712,middle_task_5,49,end_after_ms
1872834560,357522747,middle_task_9,35,end_after_ms
1872261120,357522751,middle_task_2,45,end_after_ms
1872261120,357522760,middle_task_12,9,end_after_ms
1872261120,357522777,middle_task_7,17,end_after_ms
1872834560,357522789,middle_task_10,41,end_after_ms
1872261120,357522789,exit_task_1,12,end_after_ms
1872261120,357522797,sensor_task_4,8,end_after_ms
1872834560,357522798,middle_task_8,9,end_after_ms
1872834560,357522801,sensor_task_3,3,end_after_ms
1872261120,357522817,middle_task_6,20,end_after_ms
1872261120,357522837,middle_task_11,19,end_after_ms
1872834560,357522839,middle_task_4,38,end_after_ms
1872834560,357522846,sensor_task_1,7,end_after_ms
1872834560,357522879,middle_task_1,33,end_after_ms
1872261120,357522886,middle_task_5,49,end_after_ms
1872261120,357522921,middle_task_9,35,end_after_ms
1872834560,357522924,middle_task_2,45,end_after_ms
1872834560,357522933,middle_task_12,9,end_after_ms
1872834560,357522950,middle_task_7,17,end_after_ms
1872261120,357522962,middle_task_10,41,end_after_ms
1872834560,357522962,exit_task_1,12,end_after_ms
1872834560,357522970,sensor_task_4,8,end_after_ms
1872261120,357522971,middle_task_8,9,end_after_ms
1872261120,357522974,sensor_task_3,3,end_after_ms
1872834560,357522990,middle_task_6,20,end_after_ms
1872834560,357523009,middle_task_11,19,end_after_ms
1872261120,357523012,middle_task_4,38,end_after_ms
1872261120,357523019,sensor_task_1,7,end_after_ms
1872261120,357523052,middle_task_1,33,end_after_ms
1872834560,357523058,middle_task_5,49,end_after_ms
1872834560,357523093,middle_task_9,35,end_after_ms
1872261120,357523097,middle_task_2,45,end_after_ms
1872261120,357523106,middle_task_12,9,end_after_ms
1872261120,357523123,middle_task_7,17,end_after_ms
1872834560,357523134,middle_task_10,41,end_after_ms
1872261120,357523135,exit_task_1,12,end_after_ms
1872261120,357523143,sensor_task_4,8,end_after_ms
1872834560,357523143,middle_task_8,9,end_after_ms
1872834560,357523146,sensor_task_3,3,end_after_ms
1872261120,357523163,middle_task_6,20,end_after_ms
1872261120,357523182,middle_task_11,19,end_after_ms
1872834560,357523184,middle_task_4,38,end_after_ms
1872834560,357523191,sensor_task_1,7,end_after_ms
1872834560,357523224,middle_task_1,33,end_after_ms
1872261120,357523231,middle_task_5,49,end_after_ms
1872261120,357523266,middle_task_9,35,end_after_ms
1872834560,357523269,middle_task_2,45,end_after_ms
1872834560,357523278,middle_task_12,9,end_after_ms
1872834560,357523295,middle_task_7,17,end_after_ms
1872261120,357523307,middle_task_10,41,end_after_ms
1872834560,357523308,exit_task_1,12,end_after_ms
1872834560,357523316,sensor_task_4,8,end_after_ms
1872261120,357523316,middle_task_8,9,end_after_ms
1872261120,357523319,sensor_task_3,3,end_after_ms
1872834560,357523336,middle_task_6,20,end_after_ms
1872834560,357523355,middle_task_11,19,end_after_ms
1872261120,357523357,middle_task_4,38,end_after_ms
1872261120,357523364,sensor_task_1,7,end_after_ms
1872261120,357523397,middle_task_1,33,end_after_ms
1872834560,357523404,middle_task_5,49,end_after_ms
1872834560,357523439,middle_task_9,35,end_after_ms
1872261120,357523443,middle_task_2,45,end_after_ms
1872261120,357523452,middle_task_12,9,end_after_ms
1872261120,357523469,middle_task_7,17,end_after_ms
1872834560,357523480,middle_task_10,41,end_after_ms
1872261120,357523481,exit_task_1,12,end_after_ms
1872261120,357523489,sensor_task_4,8,end_after_ms
1872834560,357523489,middle_task_8,9,end_after_ms
1872834560,357523492,sensor_task_3,3,end_after_ms
1872261120,357523509,middle_task_6,20,end_after_ms
1872261120,357523528,middle_task_11,19,end_after_ms
1872834560,357523530,middle_task_4,38,end_after_ms
1872834560,357523537,sensor_task_1,7,end_after_ms
1872834560,357523570,middle_task_1,33,end_after_ms
1872261120,357523577,middle_task_5,49,end_after_ms
1872261120,357523612,middle_task_9,35,end_after_ms
1872834560,357523615,middle_task_2,45,end_after_ms
1872834560,357523624,middle_task_12,9,end_after_ms
1872834560,357523641,middle_task_7,17,end_after_ms
1872261120,357523653,middle_task_10,41,end_after_ms
1872834560,357523653,exit_task_1,12,end_after_ms
1872834560,357523661,sensor_task_4,8,end_after_ms
1872261120,357523662,middle_task_8,9,end_after_ms
1872261120,357523665,sensor_task_3,3,end_after_ms
1872834560,357523681,middle_task_6,20,end_after_ms
1872834560,357523700,middle_task_11,19,end_after_ms
1872261120,357523703,middle_task_4,38,end_after_ms
1872261120,357523710,sensor_task_1,7,end_after_ms
1872261120,357523743,middle_task_1,33,end_after_ms
1872834560,357523749,middle_task_5,49,end_after_ms
1872834560,357523784,middle_task_9,35,end_after_ms
1872261120,357523788,middle_task_2,45,end_after_ms
1872261120,357523797,middle_task_12,9,end_after_ms
1872261120,357523814,middle_task_7,17,end_after_ms
1872834560,357523825,middle_task_10,41,end_after_ms
1872261120,357523826,exit_task_1,12,end_after_ms
1872261120,357523834,sensor_task_4,8,end_after_ms
1872834560,357523834,middle_task_8,9,end_after_ms
1872834560,357523837,sensor_task_3,3,end_after_ms
1872261120,357523854,middle_task_6,20,end_after_ms
1872261120,357523873,middle_task_11,19,end_after_ms
1872834560,357523876,middle_task_4,38,end_after_ms
1872834560,357523883,sensor_task_1,7,end_after_ms
1872834560,357523916,middle_task_1,33,end_after_ms
1872261120,357523922,middle_task_5,49,end_after_ms
1872261120,357523958,middle_task_9,35,end_after_ms
1872834560,357523961,middle_task_2,45,end_after_ms
1872834560,357523970,middle_task_12,9,end_after_ms
1872834560,357523987,middle_task_7,17,end_after_ms
1872261120,357523999,middle_task_10,41,end_after_ms
1872834560,357523999,exit_task_1,12,end_after_ms
1872834560,357524007,sensor_task_4,8,end_after_ms
1872261120,357524008,middle_task_8,9,end_after_ms
1872261120,357524011,sensor_task_3,3,end_after_ms
1872834560,357524027,middle_task_6,20